id,employee_name,timestamp,prefix,payload_summary,deactivated
255,HybridCreate Deepak Naik ptdgc,2026-06-11T18:20:53.945286,HybridCreate,Created via API with prefix=HybridCreate,False
256,RowVerify Neha Desai gpdsl,2026-06-11T18:21:06.587251,RowVerify,Created via API with prefix=RowVerify,False
257,DesigCheck Vikram Rao qmfpo,2026-06-11T18:21:19.386388,DesigCheck,Created via API with prefix=DesigCheck,False
258,Sunil Chavan,2026-06-11T18:21:31.670245,Sunil,Created via API with prefix=Inactive,False
259,SearchExact Priya Sharma rwhtu,2026-06-11T18:21:43.768879,SearchExact,Created via API with prefix=SearchExact,False
260,SearchPartial Meera Gupta hrabb,2026-06-11T18:21:55.845840,SearchPartial,Created via API with prefix=SearchPartial,False
261,CaseSearch Anita Naik ijide,2026-06-11T18:22:08.035792,CaseSearch,Created via API with prefix=CaseSearch,False
262,SearchClear Pooja Sharma vzbir,2026-06-11T18:22:20.317100,SearchClear,Created via API with prefix=SearchClear,False
263,ViewRO Vikram Varma nvbxy,2026-06-11T18:22:40.181554,ViewRO,Created via API with prefix=ViewRO,False
264,ViewFields Kiran Kumar cnilq,2026-06-11T18:23:08.027995,ViewFields,Created via API with prefix=ViewFields,False
265,EditPre Meera Hegde htzrh,2026-06-11T18:23:26.426146,EditPre,Created via API with prefix=EditPre,False
266,EditName Manoj Varma hwyar,2026-06-11T18:23:48.954234,EditName,Created via API with prefix=EditName,False
267,EditInvalid Manoj Shah xfahx,2026-06-11T18:24:12.748053,EditInvalid,Created via API with prefix=EditInvalid,False
268,RefreshPersist Amit Reddy xbpes,2026-06-11T18:24:36.197294,RefreshPersist,Created via API with prefix=RefreshPersist,False
